post_id,comment_id,name,email,body,name_length,name_word_count,body_length,body_word_count
1,2,quo vero reiciendis velit similique earum,Jayne_Kuhic@sydney.com,"est natus enim nihil est dolore omnis voluptatem numquam
et omnis occaecati quod ullam at
voluptatem error expedita pariatur
nihil sint nostrum voluptatem reiciendis et",41,6,168,25
1,3,odio adipisci rerum aut animi,Nikita@garfield.biz,"quia molestiae reprehenderit quasi aspernatur
aut expedita occaecati aliquam eveniet laudantium
omnis quibusdam delectus saepe quia accusamus maiores nam est
cum et ducimus et vero voluptates excepturi deleniti ratione",29,5,218,29
1,4,alias odio sit,Lew@alysha.tv,"non et atque
occaecati deserunt quas accusantium unde odit nobis qui voluptatem
quia voluptas consequuntur itaque dolor
et qui rerum deleniti ut occaecati",14,3,154,23
2,6,et fugit eligendi deleniti quidem qui sint nihil autem,Presley.Mueller@myrl.com,"doloribus at sed quis culpa deserunt consectetur qui praesentium
accusamus fugiat dicta
voluptatem rerum ut voluptate autem
voluptatem repellendus aspernatur dolorem in",54,9,168,22
2,7,repellat consequatur praesentium vel minus molestias voluptatum,Dallas@ole.me,"maiores sed dolores similique labore et inventore et
quasi temporibus esse sunt id et
eos voluptatem aliquam
aliquid ratione corporis molestiae mollitia quia et magnam dolor",63,7,173,26
2,9,provident id voluptas,Meghan_Littel@rene.us,"sapiente assumenda molestiae atque
adipisci laborum distinctio aperiam et ab ut omnis
et occaecati aspernatur odit sit rem expedita
quas enim ipsam minus",21,3,153,23
2,10,eaque et deleniti atque tenetur ut quo ut,Carmen_Keeling@caroline.name,"voluptate iusto quis nobis reprehenderit ipsum amet nulla
quia quas dolores velit et non
aut quia necessitatibus
nostrum quaerat nulla et accusamus nisi facilis",41,8,160,24
3,11,fugit labore quia mollitia quas deserunt nostrum sunt,Veronica_Goodwin@timmothy.net,"ut dolorum nostrum id quia aut est
fuga est inventore vel eligendi explicabo quis consectetur
aut occaecati repellat id natus quo est
ut blanditiis quia ut vel ut maiores ea",53,8,173,30
4,16,perferendis temporibus delectus optio ea eum ratione dolorum,Christine@ayana.info,"iste ut laborum aliquid velit facere itaque
quo ut soluta dicta voluptate
error tempore aut et
sequi reiciendis dignissimos expedita consequuntur libero sed fugiat facilis",60,8,171,25
4,17,eos est animi quis,Preston_Hudson@blaise.tv,"consequatur necessitatibus totam sed sit dolorum
recusandae quae odio excepturi voluptatum harum voluptas
quisquam sit ad eveniet delectus
doloribus odio qui non labore",18,4,168,23
4,19,sed impedit rerum quia et et inventore unde officiis,Madelynn.Gorczany@darion.biz,"doloribus est illo sed minima aperiam
ut dignissimos accusantium tempore atque et aut molestiae
magni ut accusamus voluptatem quos ut voluptates
quisquam porro sed architecto ut",52,9,177,26
4,20,molestias expedita iste aliquid voluptates,Mariana_Orn@preston.org,"qui harum consequatur fugiat
et eligendi perferendis at molestiae commodi ducimus
doloremque asperiores numquam qui
ut sit dignissimos reprehenderit tempore",42,5,156,20
5,22,porro repellendus aut tempore quis hic,Khalil@emile.co.uk,"qui ipsa animi nostrum praesentium voluptatibus odit
qui non impedit cum qui nostrum aliquid fuga explicabo
voluptatem fugit earum voluptas exercitationem temporibus dignissimos distinctio
esse inventore reprehenderit quidem ut incidunt nihil necessitatibus rerum",38,6,263,33
5,23,quis tempora quidem nihil iste,Sophia@arianna.co.uk,"voluptates provident repellendus iusto perspiciatis ex fugiat ut
ut dolor nam aliquid et expedita voluptate
sunt vitae illo rerum in quos
vel eligendi enim quae fugiat est",30,5,171,27
6,30,quasi nulla ducimus facilis non voluptas aut,Lurline@marvin.biz,"consequuntur quia voluptate assumenda et
autem voluptatem reiciendis ipsum animi est provident
earum aperiam sapiente ad vitae iste
accusantium aperiam eius qui dolore voluptatem et",44,7,181,25
7,32,dolorem architecto ut pariatur quae qui suscipit,Maria@laurel.name,"nihil ea itaque libero illo
officiis quo quo dicta inventore consequatur voluptas voluptatem
corporis sed necessitatibus velit tempore
rerum velit et temporibus",48,7,160,22
8,39,necessitatibus ratione aut ut delectus quae ut,Gaylord@russell.net,"atque consequatur dolorem sunt
adipisci autem et
voluptatibus et quae necessitatibus rerum eaque aperiam nostrum nemo
eligendi sed et beatae et inventore",46,7,153,22
9,41,voluptas deleniti ut,Lucio@gladys.tv,"facere repudiandae vitae ea aut sed quo ut et
facere nihil ut voluptates in
saepe cupiditate accusantium numquam dolores
inventore sint mollitia provident",20,3,154,23
9,42,nam qui et,Shemar@ewell.name,"aut culpa quaerat veritatis eos debitis
aut repellat eius explicabo et
officiis quo sint at magni ratione et iure
incidunt quo sequi quia dolorum beatae qui",10,3,156,26
9,43,molestias sint est voluptatem modi,Jackeline@eva.tv,"voluptatem ut possimus laborum quae ut commodi delectus
in et consequatur
in voluptas beatae molestiae
est rerum laborum et et velit sint ipsum dolorem",34,5,151,24
9,45,autem illo facilis,Marcia@name.biz,"ipsum odio harum voluptatem sunt cumque et dolores
nihil laboriosam neque commodi qui est
quos numquam voluptatum
corporis quo in vitae similique cumque tempore",18,3,160,24
10,47,rerum commodi est non dolor nesciunt ut,Pearlie.Kling@sandy.com,"occaecati laudantium ratione non cumque
earum quod non enim soluta nisi velit similique voluptatibus
esse laudantium consequatur voluptatem rem eaque voluptatem aut ut
et sit quam",39,7,179,26
10,49,rerum placeat quae minus iusto eligendi,Camryn.Weimann@doris.io,"id est iure occaecati quam similique enim
ab repudiandae non
illum expedita quam excepturi soluta qui placeat
perspiciatis optio maiores non doloremque aut iusto sapiente",39,6,170,25
11,52,esse autem dolorum,Abigail.OConnell@june.org,"et enim voluptatem totam laudantium
impedit nam labore repellendus enim earum aut
consectetur mollitia fugit qui repellat expedita sunt
aut fugiat vel illo quos aspernatur ducimus",18,3,179,26
11,53,maiores alias necessitatibus aut non,Laverne_Price@scotty.info,"a at tempore
molestiae odit qui dolores molestias dolorem et
laboriosam repudiandae placeat quisquam
autem aperiam consectetur maiores laboriosam nostrum",36,5,153,20
11,54,culpa eius tempora sit consequatur neque iure deserunt,Kenton_Vandervort@friedrich.com,"et ipsa rem ullam cum pariatur similique quia
cum ipsam est sed aut inventore
provident sequi commodi enim inventore assumenda aut aut
tempora possimus soluta quia consequatur modi illo",54,8,185,29
11,55,quas pariatur quia a doloribus,Hayden_Olson@marianna.me,"perferendis eaque labore laudantium ut molestiae soluta et
vero odio non corrupti error pariatur consectetur et
enim nam quia voluptatum non
mollitia culpa facere voluptas suscipit veniam",30,5,187,27
12,57,qui quidem sed,Darron.Nikolaus@eulah.me,"dolorem facere itaque fuga odit autem
perferendis quisquam quis corrupti eius dicta
repudiandae error esse itaque aut
corrupti sint consequatur aliquid",14,3,151,21
12,60,expedita libero quos cum commodi ad,Americo@estrella.net,"error eum quia voluptates alias repudiandae
accusantium veritatis maiores assumenda
quod impedit animi tempore veritatis
animi et et officiis labore impedit blanditiis repudiandae",35,6,179,23
13,61,quidem itaque dolores quod laborum aliquid molestiae,Aurelio.Pfeffer@griffin.ca,"deserunt cumque laudantium
et et odit quia sint quia quidem
quibusdam debitis fuga in tempora deleniti
impedit consequatur veniam reiciendis autem porro minima",52,7,159,23
13,63,occaecati dolor accusantium et quasi architecto aut eveniet fugiat,Margarett_Klein@mike.biz,"aut eligendi et molestiae voluptatum tempora
officia nihil sit voluptatem aut deleniti
quaerat consequatur eaque
sapiente tempore commodi tenetur rerum qui quo",66,9,159,22
13,65,earum ea ratione numquam,Mollie@agustina.name,"qui debitis vitae ratione
tempora impedit aperiam porro molestiae placeat vero laboriosam recusandae
praesentium consequatur facere et itaque quidem eveniet
magnam natus distinctio sapiente",24,4,189,24
14,67,omnis consequatur natus distinctio,Dashawn@garry.com,"nulla quo itaque beatae ad
officiis animi aut exercitationem voluptatum dolorem doloremque ducimus in
recusandae officia consequuntur quas
aspernatur dolores est esse dolores sit illo laboriosam quaerat",34,4,202,27
14,68,architecto ut deserunt consequatur cumque sapiente,Devan.Nader@ettie.me,"sed magni accusantium numquam quidem omnis et voluptatem beatae
quos fugit libero
vel ipsa et nihil recusandae ea
iste nemo qui optio sit enim ut nostrum odit",50,6,158,27
14,69,at aut ea iure accusantium voluptatum nihil ipsum,Joana.Schoen@leora.co.uk,"omnis dolor autem qui est natus
autem animi nemo voluptatum aut natus accusantium iure
inventore sunt ea tenetur commodi suscipit facere architecto consequatur
dolorem nihil veritatis consequuntur corporis",49,8,205,28
14,70,eum magni accusantium labore aut cum et tenetur,Minerva.Anderson@devonte.ca,"omnis aliquam praesentium ad voluptatem harum aperiam dolor autem
hic asperiores quisquam ipsa necessitatibus suscipit
praesentium rem deserunt et
facere repellendus aut sed fugit qui est",47,8,187,26
15,73,ut quia ipsa repellat sunt et sequi aut est,Desmond_Graham@kailee.biz,"nam qui possimus deserunt
inventore dignissimos nihil rerum ut consequatur vel architecto
tenetur recusandae voluptate
numquam dignissimos aliquid ut reprehenderit voluptatibus",43,9,176,21
15,74,ut non illum pariatur dolor,Gussie_Kunde@sharon.biz,"non accusamus eum aut et est
accusantium animi nesciunt distinctio ea quas quisquam
sit ut voluptatem modi natus sint
facilis est qui molestias recusandae nemo",27,5,159,25
15,75,minus laboriosam consequuntur,Richard@chelsie.co.uk,"natus numquam enim asperiores doloremque ullam et
est molestias doloribus cupiditate labore vitae aut voluptatem
itaque quos quo consectetur nihil illum veniam
nostrum voluptatum repudiandae ut",29,3,193,26
16,76,porro ut soluta repellendus similique,Gage_Turner@halle.name,"sunt qui consequatur similique recusandae repellendus voluptates eos et
vero nostrum fugit magnam aliquam
reprehenderit nobis voluptatem eos consectetur possimus
et perferendis qui ea fugiat sit doloremque",37,5,205,27
16,77,dolores et quo omnis voluptates,Alfred@sadye.biz,"eos ullam dolorem impedit labore mollitia
rerum non dolores
molestiae dignissimos qui maxime sed voluptate consequatur
doloremque praesentium magnam odio iste quae totam aut",31,5,173,24
16,79,beatae ut ad quisquam sed repellendus et,Esther_Ratke@shayna.biz,"et inventore sapiente sed
sunt similique fugiat officia velit doloremque illo eligendi quas
sed rerum in quidem perferendis facere molestias
dolore dolor voluptas nam vel quia",40,7,175,26
16,80,et cumque ad culpa ut eligendi non,Evangeline@chad.net,"dignissimos itaque ab et tempore odio omnis voluptatem
itaque perferendis rem repellendus tenetur nesciunt velit
qui cupiditate recusandae
quis debitis dolores aliquam nam",34,7,171,23
17,81,aut non consequuntur dignissimos voluptatibus dolorem earum recusandae dolorem,Newton.Kertzmann@anjali.io,"illum et voluptatem quis repellendus quidem repellat
reprehenderit voluptas consequatur mollitia
praesentium nisi quo quod et
occaecati repellendus illo eius harum explicabo doloribus officia",78,9,191,24
17,82,ea est non dolorum iste nihil est,Caleb_Herzog@rosamond.net,"officiis dolorem voluptas aliquid eveniet tempora qui
ea temporibus labore accusamus sint
ut sunt necessitatibus voluptatum animi cumque
at reiciendis voluptatem iure aliquid et qui dolores et",33,7,192,27
17,83,nihil qui accusamus ratione et molestias et minus,Sage_Mueller@candace.net,"et consequatur voluptates magnam fugit sunt repellendus nihil earum
officiis aut cupiditate
et distinctio laboriosam
molestiae sunt dolor explicabo recusandae",49,8,158,20
17,84,quia voluptatibus magnam voluptatem optio vel perspiciatis,Bernie.Bergnaum@lue.com,"ratione ut magni voluptas
explicabo natus quia consequatur nostrum aut
omnis enim in qui illum
aut atque laboriosam aliquid blanditiis quisquam et laborum",58,7,154,23
17,85,non voluptas cum est quis aut consectetur nam,Alexzander_Davis@eduardo.name,"quisquam incidunt dolores sint qui doloribus provident
vel cupiditate deleniti alias voluptatem placeat ad
ut dolorem illum unde iure quis libero neque
ea et distinctio id",45,8,171,26
18,86,suscipit est sunt vel illum sint,Jacquelyn@krista.info,"eum culpa debitis sint
eaque quia magni laudantium qui neque voluptas
voluptatem qui molestiae vel earum est ratione excepturi
sit aut explicabo et repudiandae ut perspiciatis",32,6,175,26
18,87,dolor asperiores autem et omnis quasi nobis,Grover_Volkman@coty.tv,"assumenda corporis architecto repudiandae omnis qui et odit
perferendis velit enim
et quia reiciendis sint
quia voluptas quam deserunt facilis harum eligendi",43,7,157,22
18,88,officiis aperiam odit sint est non,Jovanny@abigale.ca,"laudantium corrupti atque exercitationem quae enim et veniam dicta
autem perspiciatis sit dolores
minima consectetur tenetur iste facere
amet est neque",34,6,151,21
18,89,in voluptatum nostrum voluptas iure nisi rerum est placeat,Isac_Schmeler@barton.com,"quibusdam rerum quia nostrum culpa
culpa est natus impedit quo rem voluptate quos
rerum culpa aut ut consectetur
sunt esse laudantium voluptatibus cupiditate rerum",58,9,163,24
18,90,eum voluptas dolores molestias odio amet repellendus,Sandy.Erdman@sabina.info,"vitae cupiditate excepturi eum veniam laudantium aspernatur blanditiis
aspernatur quia ut assumenda et magni enim magnam
in voluptate tempora
non qui voluptatem reprehenderit porro qui voluptatibus",52,7,197,26
19,92,repellendus aspernatur occaecati tempore blanditiis deleniti omnis qui distinctio,Vickie_Schuster@harley.net,"nihil necessitatibus omnis asperiores nobis praesentium quia
ab debitis quo deleniti aut sequi commodi
ut perspiciatis quod est magnam aliquam modi
eum quos aliquid ea est",81,9,171,26
19,94,vero repudiandae voluptatem nobis,Tatum_Marks@jaylon.name,"reiciendis delectus nulla quae voluptas nihil provident quia
ab corporis nesciunt blanditiis quibusdam et unde et
magni eligendi aperiam corrupti perspiciatis quasi
neque iure voluptatibus mollitia",33,4,197,26
20,97,reiciendis culpa omnis suscipit est,Claudia@emilia.ca,"est ducimus voluptate saepe iusto repudiandae recusandae et
sint fugit voluptas eum itaque
odit ab eos voluptas molestiae necessitatibus earum possimus voluptatem
quibusdam aut illo beatae qui delectus aut officia veritatis",35,5,223,31
20,98,praesentium dolorem ea voluptate et,Torrey@june.tv,"ex et expedita cum voluptatem
voluptatem ab expedita quis nihil
esse quo nihil perferendis dolores velit ut culpa aut
dolor maxime necessitatibus voluptatem",35,5,156,23
20,99,laudantium delectus nam,Hildegard.Aufderhar@howard.com,"aut quam consequatur sit et
repellat maiores laborum similique voluptatem necessitatibus nihil
et debitis nemo occaecati cupiditate
modi dolorum quia aut",23,3,153,21
21,101,perspiciatis magnam ut eum autem similique explicabo expedita,Lura@rod.tv,"ut aut maxime officia sed aliquam et magni autem
veniam repudiandae nostrum odio enim eum optio aut
omnis illo quasi quibusdam inventore explicabo
reprehenderit dolor saepe possimus molestiae",61,8,191,28
21,104,a assumenda totam,Gabriel@oceane.biz,"qui aperiam labore animi magnam odit est
ut autem eaque ea magni quas voluptatem
doloribus vel voluptatem nostrum ut debitis enim quaerat
ut esse eveniet aut",17,3,157,26
21,105,voluptatem repellat est,Adolph.Ondricka@mozell.co.uk,"ut rerum illum error at inventore ab nobis molestiae
ipsa architecto temporibus non aliquam aspernatur omnis quidem aliquid
consequatur non et expedita cumque voluptates ipsam quia
blanditiis libero itaque sed iusto at",23,3,218,32
22,109,eveniet ut similique accusantium qui dignissimos,Gideon@amina.name,"aliquid qui dolorem deserunt aperiam natus corporis eligendi neque
at et sunt aut qui
illum repellat qui excepturi laborum facilis aut omnis consequatur
et aut optio ipsa nisi enim",48,6,180,29
22,110,sint est odit officiis similique aut corrupti quas autem,Cassidy@maribel.io,"cum sequi in eligendi id eaque
dolores accusamus dolorem eum est voluptatem quisquam tempore
in voluptas enim voluptatem asperiores voluptatibus
eius quo quos quasi voluptas earum ut necessitatibus",56,9,197,28
23,111,possimus facilis deleniti nemo atque voluptate,Stefan.Crist@duane.ca,"ullam autem et
accusantium quod sequi similique soluta explicabo ipsa
eius ratione quisquam sed et excepturi occaecati pariatur
molestiae ut reiciendis eum voluptatem sed",46,6,170,24
23,112,dolore aut aspernatur est voluptate quia ipsam,Aniyah.Ortiz@monte.me,"ut tempora deleniti quo molestiae eveniet provident earum occaecati
est nesciunt ut pariatur ipsa voluptas voluptatem aperiam
qui deleniti quibusdam voluptas molestiae facilis id iusto similique
tempora aut qui",46,7,210,29
23,113,sint quo debitis deleniti repellat,Laverna@rico.biz,"voluptatem sint quia modi accusantium alias
recusandae rerum voluptatem aut sit et ut magnam
voluptas rerum odio quo labore voluptatem facere consequuntur
ut sit voluptatum hic distinctio",34,5,187,27
23,115,occaecati dolorem eum in veniam quia quo reiciendis,Tyrell@abdullah.ca,"laudantium tempore aut
maiores laborum fugit qui suscipit hic sint officiis corrupti
officiis eum optio cumque fuga sed voluptatibus similique
sit consequuntur rerum commodi",51,8,173,24
24,116,veritatis sit tempora quasi fuga aut dolorum,Reyes@hailey.name,"quia voluptas qui assumenda nesciunt harum iusto
est corrupti aperiam
ut aut unde maxime consequatur eligendi
veniam modi id sint rem labore saepe minus",44,7,152,24
24,120,harum error sit,Joshua.Spinka@toby.io,"iusto sint recusandae placeat atque perferendis sit corporis molestiae
rem dolor eius id delectus et qui
sed dolorem reiciendis error ullam corporis delectus
explicabo mollitia odit laborum sed itaque deserunt rem dolorem",15,3,221,32
25,121,deleniti quo corporis ullam magni praesentium molestiae,Annabelle@cole.com,"soluta mollitia impedit cumque nostrum tempore aut placeat repellat
enim adipisci dolores aut ut ratione laboriosam necessitatibus vel
et blanditiis est iste sapiente qui atque repellendus alias
earum consequuntur quia quasi quia",55,7,229,32
25,122,nihil tempora et reiciendis modi veniam,Kacey@jamal.info,"doloribus veritatis a et quis corrupti incidunt est
harum maiores impedit et beatae qui velit et aut
porro sed dignissimos deserunt deleniti
et eveniet voluptas ipsa pariatur rem ducimus",39,6,186,29
25,124,nostrum suscipit aut consequatur magnam sunt fuga nihil,Hudson.Blick@ruben.biz,"ut ut eius qui explicabo quis
iste autem nulla beatae tenetur enim
assumenda explicabo consequatur harum exercitationem
velit itaque consectetur et possimus",55,8,156,22
25,125,porro et voluptate et reprehenderit,Domenic.Durgan@joaquin.name,"aut voluptas dolore autem
reprehenderit expedita et nihil pariatur ea animi quo ullam
a ea officiis corporis
eius voluptatum cum mollitia dolore quaerat accusamus",35,5,162,24
26,126,fuga tenetur id et qui labore delectus,Alexie@alayna.org,"est qui ut tempore temporibus pariatur provident qui consequuntur
laboriosam porro dignissimos quos debitis id laborum et totam
aut eius sequi dolor maiores amet
rerum voluptatibus quod ratione quos labore fuga sit",38,7,214,32
26,127,consequatur harum magnam,Haven_Barrows@brant.org,"omnis consequatur dignissimos iure rerum odio
culpa laudantium quia voluptas enim est nisi
doloremque consequatur autem officiis necessitatibus beatae et
et itaque animi dolor praesentium",24,3,187,25
26,128,labore architecto quaerat tempora voluptas consequuntur animi,Marianne@maximo.us,"exercitationem eius aut ullam vero
impedit similique maiores ea et in culpa possimus omnis
eos labore autem quam repellendus dolores deserunt voluptatem
non ullam eos accusamus",61,7,176,26
26,130,quod est non quia doloribus quam deleniti libero,Trevion_Kuphal@bernice.name,"dicta sit culpa molestiae quasi at voluptate eos
dolorem perferendis accusamus rerum expedita ipsum quis qui
quos est deserunt
rerum fuga qui aliquam in consequatur aspernatur",48,8,175,26
27,132,unde tenetur vero eum iusto,Megane.Fritsch@claude.name,"ullam harum consequatur est rerum est
magni tenetur aperiam et
repudiandae et reprehenderit dolorum enim voluptas impedit
eligendi quis necessitatibus in exercitationem voluptatem qui",27,5,183,24
28,136,et expedita est odit,Rosanna_Kunze@guy.net,"cum natus qui dolorem dolorum nihil ut nam tempore
modi nesciunt ipsum hic
rem sunt possimus earum magnam similique aspernatur sed
totam sed voluptatem iusto id iste qui",20,4,169,28
28,138,ea optio nesciunt officia velit enim facilis commodi,Domenic.Wuckert@jazmyne.us,"dolorem suscipit adipisci ad cum totam quia fugiat
vel quia dolores molestiae eos
omnis officia quidem quaerat alias vel distinctio
vero provident et corporis a quia ut",52,8,168,27
28,140,consectetur tempore eum consequuntur,Mathias@richmond.info,"velit ipsa fugiat sit qui vel nesciunt sapiente
repudiandae perferendis nemo eos quos perspiciatis aperiam
doloremque incidunt nostrum temporibus corrupti repudiandae vitae non corporis
cupiditate suscipit quod sed numquam excepturi enim labore",36,4,244,32
29,141,dignissimos perspiciatis voluptate quos rem qui temporibus excepturi,Ottis@lourdes.org,"et ullam id eligendi rem sit
occaecati et delectus in nemo
aut veritatis deserunt aspernatur dolor enim voluptas quos consequatur
molestiae temporibus error",68,8,156,23
29,142,cum dolore sit quisquam provident nostrum vitae,Estel@newton.ca,"cumque voluptas quo eligendi sit
nemo ut ut dolor et cupiditate aut
et voluptatem quia aut maiores quas accusantium expedita quia
beatae aut ad quis soluta id dolorum",47,7,166,28
29,143,velit molestiae assumenda perferendis voluptas explicabo,Bertha@erik.co.uk,"est quasi maiores nisi reiciendis enim
dolores minus facilis laudantium dignissimos
reiciendis et facere occaecati dolores et
possimus et vel et aut ipsa ad",56,6,156,24
30,146,est qui debitis,Vivienne@willis.org,"possimus necessitatibus quis
et dicta omnis voluptatem ea est
suscipit eum soluta in quia corrupti hic iusto
consequatur est aut qui earum nisi officiis sed culpa",15,3,162,26
30,147,reiciendis et consectetur officiis beatae corrupti aperiam,Angelita@aliza.me,"nihil aspernatur consequatur voluptatem facere sed fugiat ullam
beatae accusamus et fuga maxime vero
omnis necessitatibus quisquam ipsum consectetur incidunt repellat voluptas
error quo et ab magnam quisquam",58,7,207,28
30,148,iusto reprehenderit voluptatem modi,Timmothy_Okuneva@alyce.tv,"nemo corporis quidem eius aut dolores
itaque rerum quo occaecati mollitia incidunt
autem est saepe nulla nobis a id
dolore facilis placeat molestias in fugiat aliquam excepturi",35,4,176,27
30,150,id saepe numquam est facilis sint enim voluptas voluptatem,Ramiro_Kuhn@harmon.biz,"est non atque eligendi aspernatur quidem earum mollitia
minima neque nam exercitationem provident eum
maxime quo et ut illum sequi aut fuga repudiandae
sapiente sed ea distinctio molestias illum consequatur libero quidem",58,9,220,32
31,151,ut quas facilis laborum voluptatum consequatur odio voluptate et,Cary@taurean.biz,"quos eos sint voluptatibus similique iusto perferendis omnis voluptas
earum nulla cumque
dolorem consequatur officiis quis consequatur aspernatur nihil ullam et
enim enim unde nihil labore non ducimus",64,9,200,28
31,153,dolorum et dolorem optio in provident,Aleen@tania.biz,"et cumque error pariatur
quo doloribus corrupti voluptates ad voluptatem consequatur voluptas dolores
pariatur at quas iste repellat et sed quasi
ea maiores rerum aut earum",37,6,172,26
31,154,odit illo optio ea modi in,Durward@cindy.com,"quod magni consectetur
quod doloremque velit autem ipsam nisi praesentium ut
laboriosam quod deleniti
pariatur aliquam sint excepturi a consectetur quas eos",26,6,156,22
32,156,pariatur omnis in,Telly_Lynch@karl.co.uk,"dolorum voluptas laboriosam quisquam ab
totam beatae et aut aliquid optio assumenda
voluptas velit itaque quidem voluptatem tempore cupiditate
in itaque sit molestiae minus dolores magni",17,3,186,26
32,159,voluptas blanditiis deserunt quia quis,Meghan@akeem.tv,"deserunt deleniti officiis architecto consequatur molestiae facere dolor
voluptatem velit eos fuga dolores
sit quia est a deleniti hic dolor quisquam repudiandae
voluptas numquam voluptatem impedit",38,5,197,26
32,160,sint fugit esse,Mitchel.Williamson@fletcher.io,"non reprehenderit aut sed quos est ad voluptatum
est ut est dignissimos ut dolores consequuntur
debitis aspernatur consequatur est
porro nulla laboriosam repellendus et nesciunt est libero placeat",15,3,196,28
33,162,animi vitae qui aut corrupti neque culpa modi,Antwan@lori.ca,"nulla impedit porro in sed
voluptatem qui voluptas et enim beatae
nobis et sit ipsam aut
voluptatem voluptatibus blanditiis officia quod eos omnis earum dolorem",45,8,160,25
33,163,omnis ducimus ab temporibus nobis porro natus deleniti,Estelle@valentina.info,"molestiae dolorem quae rem neque sapiente voluptatum nesciunt cum
id rerum at blanditiis est accusantium est
eos illo porro ad
quod repellendus ad et labore fugit dolorum",54,8,170,27
33,164,eius corrupti ea,Haylie@gino.name,"beatae aut ut autem sit officia rerum nostrum
provident ratione sed dicta omnis alias commodi rerum expedita
non nobis sapiente consectetur odit unde quia
voluptas in nihil consequatur doloremque ullam dolorem cum",16,3,213,32
34,166,sint alias molestiae qui dolor vel,Aimee.Bins@braeden.ca,"nam quas eaque unde
dolor blanditiis cumque eaque omnis qui
rerum modi sint quae numquam exercitationem
atque aut praesentium ipsa sit neque qui sint aut",34,6,153,25
34,168,quis harum voluptatem et culpa,Gabrielle@jada.co.uk,"cupiditate optio in quidem adipisci sit dolor id
et tenetur quo sit odit
aperiam illum optio magnam qui
molestiae eligendi harum optio dolores dolor quaerat nostrum",30,5,164,26
35,171,voluptatibus qui est et,Gerda.Reynolds@ceasar.co.uk,"sed non beatae placeat qui libero nam eaque qui
quia ut ad doloremque
sequi unde quidem adipisci debitis autem velit
architecto aperiam eos nihil enim dolores veritatis omnis ex",23,4,177,29
35,173,nulla accusamus saepe debitis cum,Ethyl_Bogan@candace.co.uk,"asperiores hic fugiat aut et temporibus mollitia quo quam
cumque numquam labore qui illum vel provident quod
pariatur natus incidunt
sunt error voluptatibus vel voluptas maiores est vero possimus",33,5,195,29
36,178,rerum ex quam enim sunt,Darryl@reginald.us,"sit maxime fugit
sequi culpa optio consequatur voluptatem dolor expedita
enim iure eum reprehenderit doloremque aspernatur modi
voluptatem culpa nostrum quod atque rerum sint laboriosam et",23,5,188,26
36,180,autem tempora a iusto eum aut voluptatum,Carolyn@eloisa.biz,"recusandae temporibus nihil non alias consequatur
libero voluptatem sed soluta accusamus
a qui reiciendis officiis ad
quia laborum libero et rerum voluptas sed ut et",40,7,165,25
37,184,veritatis velit quasi quo et voluptates dolore,Lowell.Pagac@omari.biz,"odio saepe ad error minima itaque
omnis fuga corrupti qui eaque cupiditate eum
vitae laborum rerum ut reprehenderit architecto sit debitis magnam
qui corrupti cum quidem commodi facere corporis",46,7,193,29
38,187,maiores iste dolor itaque nemo voluptas,Ursula.Kirlin@eino.org,"et enim necessitatibus velit autem magni voluptas
at maxime error sunt nobis sit
dolor beatae harum rerum
tenetur facere pariatur et perferendis voluptas maiores nihil eaque",39,6,173,26
38,188,quisquam quod quia nihil animi minima facere odit est,Nichole_Bartoletti@mozell.me,"quam magni adipisci totam
ut reprehenderit ut tempore non asperiores repellendus architecto aperiam
dignissimos est aut reiciendis consectetur voluptate nihil culpa at
molestiae labore qui ea",53,9,191,26
38,189,ut iusto asperiores delectus,Lottie_Wyman@jasen.biz,"nostrum excepturi debitis cum
architecto iusto laudantium odit aut dolor voluptatem consectetur nulla
mollitia beatae autem quasi nemo repellendus ut ea et
aut architecto odio cum quod optio",28,4,190,28
38,190,dignissimos voluptatibus libero,Dominique_Hermann@paige.ca,"laudantium vero similique eum
iure iste culpa praesentium
molestias doloremque alias et at doloribus
aperiam natus est illo quo ratione porro excepturi",31,3,151,22
39,191,est perferendis eos dolores maxime rerum qui,Eugene@mohammed.net,"sit vero aut voluptatem soluta corrupti dolor cum
nulla ipsa accusamus aut suscipit ut dicta ut nemo
ut et ut sit voluptas modi
illum suscipit ea debitis aut ullam harum",44,7,169,30
39,193,quia velit nostrum eligendi voluptates,Alena@deron.name,"laudantium consequatur sed adipisci a
odit quia necessitatibus qui
numquam expedita est accusantium nostrum
occaecati perspiciatis molestiae nostrum atque",38,5,154,19
40,196,totam vel saepe aut qui velit quis,Jenifer_Lowe@reuben.ca,"eum laborum quidem omnis facere harum ducimus dolores quaerat
corporis quidem aliquid
quod aut aut at dolorum aspernatur reiciendis
exercitationem quasi consectetur asperiores vero blanditiis dolor",34,7,197,26
40,197,non perspiciatis omnis facere rem,Cecelia_Nitzsche@marty.com,"fugit ut laborum provident
quos provident voluptatibus quam non
sed accusantium explicabo dolore quia distinctio voluptatibus et
consequatur eos qui iure minus eaque praesentium",33,5,177,24
40,198,quod vel enim sit quia ipsa quo dolores,Christop_Friesen@jordan.me,"est veritatis mollitia atque quas et sint et dolor
et ut beatae aut
magni corporis dolores voluptatibus optio molestiae enim minus est
reiciendis facere voluptate rem officia doloribus ut",39,8,187,29
40,199,pariatur aspernatur nam atque quis,Cooper_Boehm@damian.biz,"veniam eos ab voluptatem in fugiat ipsam quis
officiis non qui
quia ut id voluptates et a molestiae commodi quam
dolorem enim soluta impedit autem nulla",34,5,152,26
41,204,autem voluptates voluptas nihil,Shea@angelina.biz,"voluptatibus pariatur illo
autem quia aut ullam laudantium quod laborum officia
dicta sit consequatur quis delectus vel
omnis laboriosam laborum vero ipsa voluptas",31,4,163,23
41,205,et reiciendis ullam quae,Omari@veronica.us,"voluptatem accusamus delectus natus quasi aliquid
porro ab id ea aut consequatur dignissimos quod et
aspernatur sapiente cum corrupti
pariatur veritatis unde",24,4,157,22
42,208,excepturi aut libero incidunt doloremque at,Cesar_Volkman@letitia.biz,"enim aut doloremque mollitia provident molestiae omnis esse excepturi
officiis tempora sequi molestiae veniam voluptatem
recusandae omnis temporibus et deleniti laborum sed ipsa
molestiae eum aut",43,6,195,26
42,209,repudiandae consectetur dolore,Maureen_Mueller@lance.us,"officiis qui eos voluptas laborum error
sunt repellat quis nisi unde velit
delectus eum molestias tempora quia ut aut
consequatur cupiditate quis sint in eum voluptates",30,3,168,26
43,211,rerum voluptate dolor,Faustino.Keeling@morris.co.uk,"odio temporibus est ut a
aut commodi minima tempora eum
et fuga omnis alias deleniti facere totam unde
impedit voluptas et possimus consequatur necessitatibus qui velit",21,3,168,26
43,215,sint culpa cupiditate ut sit quas qui voluptas qui,Amy@reymundo.org,"esse ab est deleniti dicta non
inventore veritatis cupiditate
eligendi sequi excepturi assumenda a harum sint aut eaque
rerum molestias id excepturi quidem aut",50,9,159,24
44,217,eos velit velit esse autem minima voluptas,Cristina.DAmore@destini.biz,"aperiam rerum aut provident cupiditate laboriosam
enim placeat aut explicabo
voluptatum similique rerum eaque eligendi
nobis occaecati perspiciatis sint ullam",42,7,158,20
44,218,voluptatem qui deserunt dolorum in voluptates similique et qui,Ettie_Bashirian@lambert.biz,"rem qui est
facilis qui voluptatem quis est veniam quam aspernatur dicta
dolore id sapiente saepe consequatur
enim qui impedit culpa ex qui voluptas dolor",62,9,154,25
44,219,qui unde recusandae omnis ut explicabo neque magni veniam,Lizeth@kellen.org,"est et dolores voluptas aut molestiae nam eos saepe
expedita eum ea tempore sit iure eveniet
iusto enim quos quo
repellendus laudantium eum fugiat aut et",57,9,153,26
44,220,vel autem quia in modi velit,Vladimir_Schumm@sharon.tv,"illum ea eum quia
doloremque modi ducimus voluptatum eaque aperiam accusamus eos quia
sed rerum aperiam sunt quo
ea veritatis natus eos deserunt voluptas ea voluptate",28,6,166,26
45,221,reprehenderit rem voluptatem voluptate recusandae dolore distinctio,Madonna@will.com,"rerum possimus asperiores non dolores maiores tenetur ab
suscipit laudantium possimus ab iure
distinctio assumenda iste adipisci optio est sed eligendi
temporibus perferendis tempore soluta",67,7,189,25
45,222,rerum aliquam ducimus repudiandae perferendis,Cicero_Goldner@elenor.tv,"cum officiis impedit neque a sed dolorum accusamus eaque
repellat natus aut commodi sint fugit consequatur corporis
voluptatum dolorum sequi perspiciatis ut facilis
delectus pariatur consequatur at aut temporibus facere vitae",45,5,225,31
45,223,accusantium aliquid consequuntur minus quae quis et autem,Zella@jan.net,"maiores perspiciatis quo alias doloremque
illum iusto possimus impedit
velit voluptatem assumenda possimus
ut nesciunt eum et deleniti molestias harum excepturi",57,8,160,21
45,224,eum dolorum ratione vitae expedita,Robin_Jacobi@verdie.net,"perferendis quae est velit ipsa autem adipisci ex rerum
voluptatem occaecati velit perferendis aut tenetur
deleniti eaque quasi suscipit
dolorum nobis vel et aut est eos",34,5,169,26
45,225,occaecati et corrupti expedita,Lawson@demarco.co.uk,"doloribus illum tempora aliquam qui perspiciatis dolorem ratione velit
facere nobis et fugiat modi
fugiat dolore at
ducimus voluptate porro qui architecto optio unde deleniti",30,4,174,25
46,227,omnis error aut doloremque ipsum ducimus,Melody@london.name,"est quo quod tempora fuga debitis
eum nihil nemo nisi consequatur sequi nesciunt dolorum et
cumque maxime qui consequatur mollitia dicta iusto aut
vero recusandae ut dolorem provident voluptatibus suscipit sint",40,6,210,31
46,229,maxime veniam at,Deborah@fletcher.co.uk,"unde aliquam ipsam eaque quia laboriosam exercitationem totam illo
non et dolore ipsa
laborum et sapiente fugit voluptatem
et debitis quia optio et minima et nostrum",16,3,165,26
46,230,illo dolor corrupti quia pariatur in,Dario@barton.info,"neque ullam eos amet
ratione architecto doloribus qui est nisi
occaecati unde expedita perspiciatis animi tenetur minus eveniet aspernatur
eius nihil adipisci aut",36,6,162,23
47,231,omnis minima dicta aliquam excepturi,Kelton_McKenzie@danial.us,"veritatis laudantium laboriosam ut maxime sed voluptate
consequatur itaque occaecati voluptatum est
ut itaque aperiam eligendi at vel minus
dicta tempora nihil pariatur libero est",36,5,179,25
47,232,voluptatem excepturi sit et sed qui ipsum quam consequatur,Itzel@fritz.io,"ullam modi consequatur officia dolor non explicabo et
eum minus dicta dolores blanditiis dolore
nobis assumenda harum velit ullam et cupiditate
et commodi dolor harum et sed cum reprehenderit omnis",58,9,197,30
48,236,cupiditate rerum voluptate quo facere repudiandae,Freeda.Kirlin@eddie.ca,"itaque error cupiditate asperiores ut aspernatur veniam qui
doloribus sit aliquid pariatur dicta deleniti qui alias dignissimos
recusandae eaque repellendus est et dolorem aut non
explicabo voluptas est beatae vel temporibus",49,6,224,31
48,237,recusandae deserunt possimus voluptatibus ipsam iste consequatur consequatur,Jennifer.Rowe@zoe.org,"aut culpa quis modi
libero hic dolore provident officiis placeat minima vero
et iste dolores aut voluptatem saepe unde
vero temporibus sunt corrupti voluptate",76,8,158,24
48,238,voluptatem nam ducimus non molestiae,Providenci.Heller@lenna.info,"et nostrum cupiditate nobis facere et est illo
consequatur harum voluptatem totam
molestiae voluptas consequatur quibusdam aut
modi impedit necessitatibus et nisi nesciunt adipisci",36,5,180,24
48,240,est dolorem est placeat provident non nihil,Joseph@corrine.com,"necessitatibus nulla perferendis ad inventore earum delectus
vitae illo sed perferendis
officiis quo eligendi voluptatem animi totam perspiciatis
repellat quam eum placeat est tempore facere",43,7,190,25
49,242,quis sit aut vero quo accusamus,Sven@gudrun.info,"dolores minus sequi laudantium excepturi deserunt rerum voluptatem
pariatur harum natus sed dolore quis
consectetur quod inventore laboriosam et in dolor beatae rerum
quia rerum qui recusandae quo officiis fugit",31,6,211,30
50,247,vel aut blanditiis magni accusamus dolor soluta,Wilbert@cheyenne.ca,"explicabo nam nihil atque sint aut
qui qui rerum excepturi soluta quis et
et mollitia et voluptate minima nihil
sed quaerat dolor earum tempore et non est voluptatem",47,7,165,28
50,249,quibusdam dignissimos aperiam sint commodi,Christiana@lawrence.info,"non repudiandae dicta et commodi
sint dolores facere eos nesciunt autem quia
placeat quaerat non culpa quasi dolores voluptas
dolorum placeat non atque libero odit autem sunt",42,5,174,27
50,250,perferendis magnam natus exercitationem eveniet sunt,Samara@shaun.org,"doloremque quae ratione cumque
excepturi eligendi delectus maiores necessitatibus veniam
fugiat exercitationem consectetur vel earum
quia illo explicabo molestiae enim rem deserunt et omnis",52,6,189,24
51,251,veritatis sint eius,Ayden_Hickle@stephany.tv,"sit vero at voluptatem corporis adipisci
error sit aut nihil rerum doloremque dolorum ipsum
eum ut numquam sapiente ipsam nam blanditiis ut quasi
facilis optio rerum qui temporibus esse excepturi eaque",19,3,201,31
51,254,velit inventore et eius saepe,Ardella@khalid.biz,"laboriosam voluptas aut quibusdam mollitia sunt non
dolores illum fugiat ex vero nemo aperiam porro quam
expedita est vel voluptatem sit voluptas consequuntur quis eligendi
omnis id nisi ducimus sapiente odit quam",29,5,213,32
52,256,tempore distinctio quam,Carlee_Heathcote@harley.tv,"nemo deleniti sunt praesentium quis quam repellendus
consequatur non est ex fugiat distinctio aliquam explicabo
aspernatur omnis debitis sint consequatur
quo autem natus veritatis",23,3,179,24
52,257,illum non quod vel voluptas quos,Delpha_Cormier@raymond.org,"facere at voluptatem
repellendus omnis perspiciatis placeat aspernatur nobis blanditiis ut deleniti
quis non cumque laborum sit id ratione vel sequi
facere doloremque beatae aut maxime non",32,6,188,27
52,258,omnis quia fugit nisi officiis aspernatur occaecati et,Glenna@caesar.org,"aut cum sint qui facere blanditiis magnam consequuntur perspiciatis
harum impedit reprehenderit iste doloribus quia quo facere
et explicabo aut voluptate modi dolorem
rem aut nobis ut ad voluptatum ipsum eos maxime",54,8,214,32
52,259,animi minima ducimus tempore officiis qui,Hoyt_Dickens@napoleon.ca,"itaque occaecati non aspernatur
velit repudiandae sit rerum esse quibusdam unde molestias
explicabo dolorem vero consequatur quis et libero
voluptatem totam vel sapiente autem dolorum consequuntur",41,6,196,26
53,262,ipsa aliquid laborum quidem recusandae dolorum quia,Tia@kirsten.info,"similique harum iste ipsam non dolores facere esse
et beatae error necessitatibus laboriosam fugiat culpa esse occaecati
ut provident ut et dolorum nam
delectus impedit aut blanditiis fugiat est unde",51,7,199,30
53,263,vitae voluptatem dolor iure quo non atque,Marco@jennyfer.biz,"debitis dolore est
ut eos velit accusamus
non nobis ipsa nemo quas facilis quia hic
officia quam et possimus voluptas voluptatem quisquam tempore delectus",41,7,154,24
53,265,omnis incidunt est molestias,Lenora@derrick.biz,"et quibusdam saepe labore delectus et earum quis perferendis
laborum soluta veritatis
ea veritatis quidem accusantium est aut porro rerum
quia est consequatur voluptatem numquam laudantium repellendus",28,4,200,27
54,266,eum enim provident atque eum,Carolina.Auer@polly.co.uk,"non et voluptas
eaque atque esse qui molestias porro quam veniam voluptatibus
minima ut velit velit ut architecto deleniti
ab sint deserunt possimus quas velit et eum",28,5,166,27
54,267,ea commodi provident veritatis voluptatem voluptates aperiam,Jaylan.Braun@lane.us,"magnam similique animi eos explicabo natus
provident cumque sit maxime velit
veritatis fuga esse dolor hic nihil nesciunt assumenda
aliquid vero modi alias qui quia doloribus est",60,7,178,27
54,268,eum et eos delectus,Javier.Dicki@damien.org,"velit earum perspiciatis ea recusandae nihil consectetur ut
maxime repellendus doloribus
aperiam ut ex ratione quia esse magni
ducimus rerum vel rerum officiis suscipit nihil qui",19,4,178,26
54,270,rerum adipisci et ut sit sit dolores,Tom.Russel@pattie.org,"quas placeat repudiandae a delectus facere exercitationem consectetur
facilis quas sequi est mollitia
est vero hic laudantium maiores
quisquam itaque aut maxime ut cumque quia doloremque voluptatem",36,7,197,27
55,271,et et repellat quasi non ea similique,Ethelyn.Moore@gabe.info,"quae eaque reprehenderit
suscipit facilis ut tenetur blanditiis sint occaecati
accusantium expedita sed nostrum
rerum sunt nam qui placeat consequatur et",37,7,153,21
55,272,repudiandae ut velit dignissimos enim rem dolores odit,Evangeline_Kuvalis@santina.ca,"consequuntur molestiae aut distinctio illo qui est sequi reprehenderit
hic accusamus et officiis reprehenderit culpa
est et numquam et
eius ipsa rerum velit",54,8,156,23
55,275,error nulla est laudantium similique ad,Imelda_Klein@melany.biz,"error et quasi qui facilis enim eum adipisci iste
ad nostrum sint corporis quam velit necessitatibus a
eius doloribus optio ad qui molestiae
quaerat dignissimos voluptatem culpa aliquam explicabo commodi natus",39,6,209,31
56,276,inventore amet ut debitis ipsam reiciendis molestiae autem sed,Matt.Moen@gilda.org,"dolores tempora totam quas maxime voluptatem voluptas excepturi
recusandae quis odio exercitationem in
consectetur sed aut
excepturi eligendi sint consectetur repellendus aperiam",62,9,178,22
56,277,dolorem aut ipsum alias ex ea quidem nostrum,Rocky_Ullrich@rowena.name,"nihil ratione aliquam recusandae ipsa sunt doloribus labore molestiae
officia cum aliquid repudiandae et error
inventore minima optio repellat aut
ea et maxime alias voluptas eius",44,8,179,26
56,278,est pariatur similique quod voluptas et consequuntur nam molestiae,Natalia@caitlyn.ca,"corporis perferendis dolorum error quo rerum aut odio veritatis
sit deleniti aut eligendi quam doloremque aut ipsam sint
doloribus id voluptatem esse reprehenderit molestiae quia voluptatem
incidunt illo beatae nihil corporis eligendi iure quo",66,9,243,34
56,279,voluptas nihil aut dolor adipisci non,Edythe@general.org,"natus atque ipsum voluptatem et
necessitatibus atque quia asperiores animi odit ratione quos
est repellendus sit aut repudiandae animi aut
cum blanditiis repudiandae saepe laborum",37,6,179,25
57,281,consequatur voluptates sed voluptatem fuga,Bridie@pearl.ca,"eius voluptatem minus
et aliquid perspiciatis sint unde ut
similique odio ullam vitae quisquam hic ex consequatur aliquid
ab nihil explicabo sint maiores aut et dolores nostrum",42,5,176,27
57,283,iste molestiae aut hic perspiciatis sint,Owen_Moore@jeremy.org,"perspiciatis omnis eum nihil et porro facilis fuga qui
deleniti id et velit adipisci fuga voluptatibus voluptatum
debitis tempore dolorem atque consequatur ea perspiciatis sed
qui temporibus doloremque",40,6,201,28
58,288,numquam eius voluptas quibusdam soluta exercitationem,Caleigh@eleanore.org,"est sed illo omnis delectus aut
laboriosam possimus incidunt est sunt at
nemo voluptas ex ipsam
voluptatibus inventore velit sit et numquam omnis accusamus in",53,6,158,25
58,290,suscipit debitis eveniet nobis atque commodi quisquam,Juana_Stamm@helmer.com,"pariatur veniam repellat quisquam tempore autem et voluptatem itaque
ea impedit ex molestiae placeat hic harum mollitia dolorem
inventore accusantium aut quae quia rerum autem numquam
nulla culpa quasi dolor",53,7,207,30
59,292,consequatur et facere similique beatae explicabo eligendi consequuntur,Molly_Kertzmann@tristin.me,"eos officiis omnis ab laborum nulla saepe exercitationem recusandae
voluptate minima voluptatem sint
sunt est consequuntur dolor voluptatem odit
maxime similique deserunt et quod",70,8,178,24
59,293,qui sint hic,Kailee.Larkin@amina.org,"fugiat dicta quasi voluptatibus ea aut est aspernatur sed
corrupti harum non omnis eos eaque quos ut
quia et et nisi rerum voluptates possimus quis
recusandae aperiam quia esse",12,3,176,29
60,298,ipsam ut labore voluptatem quis id velit sunt,Norberto_Weimann@ford.tv,"molestiae accusantium a tempore occaecati qui sunt optio eos
exercitationem quas eius voluptatem
omnis quibusdam autem
molestiae odio dolor quam laboriosam mollitia in quibusdam sunt",45,8,182,25
60,300,in dolore iusto ex molestias vero,Letha@liliane.ca,"dolorem fugit quidem animi quas quisquam reprehenderit
occaecati et dolor laborum nemo sed quas unde deleniti
facere eligendi placeat aliquid aspernatur commodi sunt impedit
neque corrupti alias molestiae magni tempora",33,6,218,30
61,301,id voluptatibus voluptas occaecati quia sunt eveniet et eius,Tiana@jeramie.tv,"dolore maxime saepe dolor asperiores cupiditate nisi nesciunt
vitae tempora ducimus vel eos perferendis
fuga sequi numquam blanditiis sit sed inventore et
ut possimus soluta voluptas nihil aliquid sed earum",60,9,206,30
61,302,quia voluptatem sunt voluptate ut ipsa,Lindsey@caitlyn.net,"fuga aut est delectus earum optio impedit qui excepturi
iusto consequatur deserunt soluta sunt
et autem neque
dolor ut saepe dolores assumenda ipsa eligendi",38,6,156,24
61,303,excepturi itaque laudantium reiciendis dolorem,Gregory.Kutch@shawn.info,"sit nesciunt id vitae ut itaque sapiente
neque in at consequuntur perspiciatis dicta consequatur velit
facilis iste ut error sed
in sequi expedita autem",46,5,152,24
61,305,non cum consequatur at nihil aut fugiat delectus quia,Isidro_Kiehn@cristina.org,"repellendus quae labore sunt ut praesentium fuga reiciendis quis
corporis aut quis dolor facere earum
exercitationem enim sunt nihil asperiores expedita
eius nesciunt a sit sit",53,9,176,26
62,306,omnis nisi libero,Kenton_Carter@yolanda.co.uk,"ab veritatis aspernatur molestiae explicabo ea saepe molestias sequi
beatae aut perferendis quaerat aut omnis illo fugiat
quisquam hic doloribus maiores itaque
voluptas amet dolorem blanditiis",17,3,192,26
62,307,id ab commodi est quis culpa,Amos_Rohan@mozelle.tv,"sit tenetur aut eum quasi reiciendis dignissimos non nulla
repellendus ut quisquam
numquam provident et repellendus eum nihil blanditiis
beatae iusto sed eius sit sed doloremque exercitationem nihil",28,6,198,28
62,308,enim ut optio architecto dolores nemo quos,Timothy_Heathcote@jose.name,"officiis ipsa exercitationem impedit dolorem repellat adipisci qui
atque illum sapiente omnis et
nihil esse et eum facilis aut impedit
maxime ullam et dolorem",42,7,158,24
62,309,maiores et quisquam,Otilia.Daniel@elvie.io,"impedit qui nemo
reprehenderit sequi praesentium ullam veniam quaerat optio qui error
aperiam qui quisquam dolor est blanditiis molestias rerum et
quae quam eum odit ab quia est ut",19,3,180,29
63,311,veritatis nulla consequatur sed cumque,Brisa@carrie.us,"officia provident libero explicabo tempora velit eligendi mollitia similique
rerum sit aut consequatur ullam tenetur qui est vero
rerum est et explicabo
sit sunt ea exercitationem molestiae",38,5,189,27
63,313,quia enim et,Efren.Konopelski@madisyn.us,"corporis quo magnam sunt rerum enim vel
repudiandae suscipit corrupti ut ab qui debitis quidem adipisci
distinctio voluptatibus vitae molestias incidunt laboriosam quia quidem facilis
quia architecto libero illum ut dicta",12,3,221,31
63,314,enim voluptatem quam,Demetris.Bergnaum@fae.io,"sunt cupiditate commodi est pariatur incidunt quis
suscipit saepe magnam amet enim
quod quis neque
et modi rerum asperiores consequatur reprehenderit maiores",20,3,157,22
64,317,iusto pariatur ea,Shyanne@rick.info,"quam iste aut molestiae nesciunt modi
atque quo laudantium vel tempora quam tenetur neque aut
et ipsum eum nostrum enim laboriosam officia eligendi
laboriosam libero ullam sit nulla voluptate in",17,3,194,30
64,318,vitae porro aut ex est cumque,Freeman.Dare@ada.name,"distinctio placeat nisi repellat animi
sed praesentium voluptatem
placeat eos blanditiis deleniti natus eveniet dolorum quia tempore
pariatur illum dolor aspernatur ratione tenetur autem ipsum fugit",29,6,198,26
64,319,et eos praesentium porro voluptatibus quas quidem explicabo est,Donnell@orland.org,"occaecati quia ipsa id fugit sunt velit iure adipisci
ullam inventore quidem dolorem adipisci optio quia et
quis explicabo omnis ipsa quo ut voluptatem aliquam inventore
minima aut tempore excepturi similique",63,9,208,31
65,321,rem ducimus ipsam ut est vero distinctio et,Danyka_Stark@jedidiah.name,"ea necessitatibus eum nesciunt corporis
minus in quisquam iste recusandae
qui nobis deleniti asperiores non laboriosam sunt molestiae dolore
distinctio qui officiis tempora dolorem ea",43,8,183,25
65,322,ipsam et commodi,Margarita@casper.io,"id molestiae doloribus
omnis atque eius sunt aperiam
tenetur quia natus nihil sunt veritatis recusandae quia
corporis quam omnis veniam voluptas amet quidem illo deleniti",16,3,170,25
65,323,et aut non illo cumque pariatur laboriosam,Carlo@cortney.net,"explicabo dicta quas cum quis rerum dignissimos et
magnam sit mollitia est dolor voluptas sed
ipsum et tenetur recusandae
quod facilis nulla amet deserunt",42,7,154,24
66,326,voluptatem laborum incidunt accusamus,Lauren.Hodkiewicz@jarret.info,"perspiciatis vero nulla aut consequatur fuga earum aut
nemo suscipit totam vitae qui at omnis aut
incidunt optio dolorem voluptatem vel
assumenda vero id explicabo deleniti sit corrupti sit",37,4,189,29
66,327,quisquam necessitatibus commodi iure eum,Ernestina@piper.biz,"consequatur ut aut placeat harum
quia perspiciatis unde doloribus quae non
ut modi ad unde ducimus omnis nobis voluptatem atque
magnam reiciendis dolorem et qui explicabo",40,5,170,26
66,328,temporibus ut vero quas,Hettie_Morar@wiley.info,"molestiae minima aut rerum nesciunt
vitae iusto consequatur architecto assumenda dolorum
non doloremque tempora possimus qui mollitia omnis
vitae odit sed",23,4,154,21
66,329,quasi beatae sapiente voluptates quo temporibus,Corbin.Hilll@modesto.biz,"nulla corrupti delectus est cupiditate explicabo facere
sapiente quo id quis illo culpa
ut aut sit error magni atque asperiores soluta
aut cumque voluptatem occaecati omnis aliquid",47,6,180,27
66,330,illo ab quae deleniti,Kenyatta@renee.io,"dolores tenetur rerum et aliquam
culpa officiis ea rem neque modi quaerat deserunt
molestias minus nesciunt iusto impedit enim laborum perferendis
velit minima itaque voluptatem fugiat",21,4,184,26
67,331,nemo cum est officia maiores sint sunt a,Don@cameron.co.uk,"maxime incidunt velit quam vel fugit nostrum veritatis
et ipsam nisi voluptatem voluptas cumque tempora velit et
et quisquam error
maiores fugit qui dolor sit doloribus",40,8,168,26
67,332,dicta vero voluptas hic dolorem,Jovan@aaliyah.tv,"voluptas iste deleniti
est itaque vel ea incidunt quia voluptates sapiente repellat
aut consectetur vel neque tempora esse similique sed
a qui nobis voluptate hic eligendi doloribus molestiae et",31,5,194,29
67,334,et adipisci laboriosam est modi,Garett_Gusikowski@abigale.me,"et voluptatibus est et aperiam quaerat voluptate eius quo
nihil voluptas doloribus et ea tempore
labore non dolorem
optio consequatur est id quia magni voluptas enim",31,5,165,26
67,335,voluptatem accusantium beatae veniam voluptatem quo culpa deleniti,Doug@alana.co.uk,"hic et et aspernatur voluptates voluptas ut ut id
excepturi eligendi aspernatur nulla dicta ab
suscipit quis distinctio nihil
temporibus unde quasi expedita et inventore consequatur rerum ab",66,8,190,28
68,336,eveniet eligendi nisi sunt a error blanditiis et ea,Yoshiko@viviane.name,"similique autem voluptatem ab et et
odio animi repellendus libero voluptas voluptas quia
libero facere saepe nobis
consequatur et qui non hic ea maxime nihil",51,9,157,25
68,337,beatae esse tenetur aut est,Micaela_Bins@mertie.us,"est ut aut ut omnis distinctio
illum quisquam pariatur qui aspernatur vitae
dolor explicabo architecto veritatis ipsa et aut est molestiae
ducimus et sapiente error sed omnis",27,5,174,27
68,338,qui sit quo est ipsam minima neque nobis,Loy@gillian.me,"maiores totam quo atque
explicabo perferendis iste facilis odio ab eius consequatur
sit praesentium ea vitae optio minus
voluptate necessitatibus omnis itaque omnis qui",40,8,168,24
68,339,accusantium et sit nihil quibusdam voluptatum provident est qui,Tyrel@hunter.net,"dicta dolorem veniam ipsa harum minus sequi
omnis quia voluptatem autem
est optio doloribus repellendus id commodi quas exercitationem eum
et eum dignissimos accusamus est eaque doloremque",63,9,188,27
68,340,rerum et quae tenetur soluta voluptatem tempore laborum enim,Otilia.Schuppe@randal.com,"est aut consequatur error illo ut
enim nihil fuga
suscipit inventore officiis iure earum pariatur temporibus in
aperiam qui quod vel necessitatibus velit eos exercitationem culpa",60,9,178,26
69,344,blanditiis rerum voluptatem quaerat modi saepe ratione assumenda qui,Zander@santino.net,"iusto nihil quae rerum laborum recusandae voluptatem et necessitatibus
ut deserunt cumque qui qui
non et et eos adipisci cupiditate dolor sed voluptates
maiores commodi eveniet consequuntur",68,9,189,27
69,345,ut deleniti autem ullam quod provident ducimus enim explicabo,Camila_Runolfsdottir@tressa.tv,"omnis et fugit eos sint saepe ipsam unde est
dolores sit sit assumenda laboriosam
dolor deleniti voluptatem id nesciunt et
placeat dolorem cumque laboriosam sunt non",61,9,165,26
70,348,molestias natus autem quae sint qui,Bradley.Lang@marilyne.tv,"perferendis dignissimos soluta ut provident sit et
delectus ratione ad sapiente qui excepturi error qui quo
quo illo commodi
rerum maxime voluptas voluptatem",35,6,157,23
70,349,odio maiores a porro dolorum ut pariatur inventore,Loren@aric.biz,"dicta impedit non
et laborum laudantium qui eaque et beatae suscipit
sequi magnam rem dolorem non quia vel adipisci
corrupti officiis laudantium impedit",50,8,152,23
70,350,eius quia pariatur,Arjun@natalie.ca,"eaque rerum tempore distinctio
consequatur fugiat veniam et incidunt ut ut et
consequatur blanditiis magnam
doloremque voluptate ut architecto facere in dolorem et aut",18,3,167,24
71,351,quia ex perspiciatis sunt voluptatem quidem,Solon.Goldner@judah.org,"quo nisi impedit velit repellendus esse itaque ut saepe
voluptatibus occaecati ab eaque dolores
maxime alias velit ducimus placeat sit laudantium quia
corrupti doloremque ut",43,6,173,25
71,352,sit ipsam voluptatem velit,Nina@osbaldo.name,"dolorem eius voluptatem vitae aliquid unde labore est
molestiae labore dolorem beatae voluptatem soluta eum eos dolore
et ea quasi aut doloribus sint
vel suscipit tempora delectus soluta",26,4,186,28
71,353,consequatur reprehenderit similique vitae dolor debitis,Madaline@marlin.org,"nemo aut laborum expedita nisi sed illum
ab asperiores provident
a sunt recusandae ut rerum itaque est voluptatibus nihil
esse ipsum et repellendus nobis rerum voluptas et",55,6,171,27
71,355,reiciendis ad ea,Orval.Treutel@arnold.me,"vel cumque labore vitae quisquam magnam sequi ut
molestiae dolores vel minus aut
quas repellat nostrum fugit molestiae veritatis sequi
vel quidem in molestiae id doloribus sed",16,3,175,27
72,356,qui vel id qui est,Trent@samir.net,"fugiat dolore voluptas tempore
aspernatur quibusdam rem iste sit fugiat nesciunt consequatur
dolor sed odit similique minima corporis quae in adipisci
impedit dolores et cupiditate accusantium perferendis dignissimos error",18,5,222,29
72,358,accusantium natus ex et consequuntur neque,Douglas@anabel.org,"unde ad id nemo ipsam dolorem autem quaerat
perspiciatis voluptas corrupti laborum rerum est architecto
eius quos aut et voluptate voluptatem atque necessitatibus
voluptate fugiat aut iusto et atque",42,6,198,29
72,359,esse quia quidem quisquam consequatur nisi deleniti,Lowell@mossie.com,"et explicabo voluptatem ut est nihil culpa et
veritatis repellendus ipsum velit qui eligendi maxime voluptatem est
dicta rerum et et nemo quia
eveniet aspernatur nostrum molestiae mollitia ut dolores rem fugiat",51,7,210,32
72,360,rerum tempore facilis ut quod sit,Jacquelyn@kristian.net,"sit et aut recusandae
corrupti nisi vero eius nulla voluptates
voluptatem placeat est commodi impedit odio omnis
similique debitis et in molestiae omnis sed non magni",33,6,166,26
73,361,voluptates qui et corporis,Antwon@domenico.me,"cum ad porro fuga sequi dolores
ipsa error magni itaque labore accusamus
corporis odit consequatur quis debitis
cum et voluptas facilis incidunt ut itaque dolores error",26,4,168,26
73,362,quia qui quia qui,Kenyon@retha.me,"excepturi omnis occaecati officiis enim saepe id
non quo et dignissimos voluptates ipsum
molestias facere dolorem qui iure similique corrupti
neque ducimus sit alias dolor earum autem doloribus consequatur",17,4,205,29
73,364,vel architecto assumenda et maiores,Madisen.Hauck@barney.co.uk,"architecto quo enim ad et reprehenderit
laboriosam quia commodi officia iusto
dolorem totam consequuntur cupiditate
veritatis voluptates aspernatur earum saepe et sed consequatur",35,5,178,23
73,365,aliquam officiis omnis,Dock.Parker@roy.biz,"modi sed aut quidem quisquam optio est
aut facilis sit quia quis facere quod
fugiat recusandae ex et quisquam ipsum sed sit
exercitationem quia recusandae dolorem quasi iusto ipsa qui et",22,3,186,31
74,366,aperiam ut deserunt minus quo dicta nisi,Pablo.Ritchie@tyrique.co.uk,"explicabo perspiciatis quae sit qui nulla incidunt facilis
repudiandae perspiciatis voluptate expedita sunt consectetur quasi
id occaecati nesciunt dolorem aliquid perspiciatis repellat inventore esse
ut possimus exercitationem facere modi",40,7,239,29
74,367,praesentium eos quam eius optio eveniet,Sebastian_Gaylord@freda.org,"nostrum modi et et dolores maxime facere
alias doloribus eaque expedita et similique voluptatum magnam est
omnis eos voluptatem
et unde fugit voluptatem asperiores",39,6,163,24
75,371,ut quia sequi sed eius voluptas,Lindsay@kiley.name,"est dicta totam architecto et minus id aut non
ut et fugit eaque culpa modi repellendus
aliquid qui veritatis doloribus aut consequatur voluptas sequi accusantium
voluptas occaecati saepe reprehenderit ut",31,6,204,30
75,372,qui cumque eos consequatur fuga ut,Erika.Murazik@jorge.me,"aut illum est asperiores
rerum laboriosam quis sit dolores magni minima fuga atque
omnis at et quibusdam earum rem
earum distinctio autem et enim dolore eos",34,6,156,26
75,373,nemo voluptatum quo qui atque,Olin@edmund.ca,"iure aliquid qui sit
excepturi dolorem rerum possimus suscipit atque nisi
labore ut aut nihil voluptatum ut aliquid praesentium
assumenda tempore dolor velit ratione et corrupti",29,5,177,26
75,374,quam exercitationem alias totam,Lacey@novella.biz,"eligendi et consequuntur dolor nihil quaerat doloremque ut
dignissimos sunt veniam non ratione esse
debitis omnis similique maxime dolores tempora laborum rerum adipisci
reiciendis explicabo error quidem quo necessitatibus voluptatibus vitae ipsum",31,4,247,32
75,375,similique doloribus odit quas magnam omnis dolorem dolore et,Sister@miller.net,"non ea sed reprehenderit reiciendis eaque et neque adipisci
ipsa architecto deserunt ratione nesciunt tempore similique occaecati non
hic vitae sit neque
rerum quod dolorem ratione esse aperiam necessitatibus",60,9,208,29
76,376,dolorem qui architecto provident,Raphaelle@miller.com,"sint qui aut aspernatur necessitatibus
laboriosam autem occaecati nostrum non
officiis consequuntur odit
et itaque quam placeat aut molestiae saepe veniam provident",32,4,164,22
76,377,nemo hic sapiente placeat quidem omnis,Jaren.Schiller@augusta.org,"sint fugit et
id et saepe non molestiae sit earum doloremque
dolorem nemo earum dignissimos ipsa soluta deleniti quos
quis numquam ducimus sed corporis dolores sed quisquam suscipit",38,6,181,28
76,380,similique fugiat tenetur ea incidunt numquam,Wilson.Nikolaus@fredrick.org,"voluptatum quis ipsa voluptatem saepe est
illum error repellat eaque dolor quae qui
eum rerum sunt quam illo
voluptates fuga possimus nemo nihil distinctio",44,6,155,24
77,381,sint porro optio voluptatem,Tomasa@lee.us,"consequatur possimus sit itaque distinctio fugit aut quod
explicabo exercitationem voluptas labore rerum
porro ut in voluptas maiores tempora accusantium
voluptatum et sapiente sit quas quis et veniam",27,4,200,28
77,382,eius itaque ut ipsa quia quis labore,Ally_Kassulke@rashad.ca,"eaque eius delectus molestias suscipit nulla quisquam
totam vel quos et autem sed
eligendi et pariatur earum molestias magnam autem
placeat culpa est et qui commodi illo et",36,7,172,28
77,383,provident voluptas perferendis quibusdam libero,Reagan_Ziemann@ross.io,"qui quaerat id repellendus aut qui
maiores quidem consequatur dignissimos deleniti deserunt eveniet libero a
repellat ducimus quia aut dignissimos numquam molestiae
consequatur sit impedit nostrum et sunt iure",47,5,209,29
77,384,et et voluptas et eligendi distinctio accusantium temporibus enim,Angelita@sally.org,"blanditiis dolor sint nulla cum quidem aliquid voluptatem
perferendis dolor consequatur voluptas et ut quisquam tempora tenetur
maxime minus animi qui id
eum accusantium et optio et blanditiis maxime",65,9,199,29
77,385,qui voluptates molestias necessitatibus eos odio quo minima,Lonzo@lorena.org,"sit fugiat est autem quia ipsam error ab
voluptatem sed ab labore molestiae qui debitis exercitationem
non et sunt officia illo possimus iste tenetur est
dolores voluptas ad aspernatur nihil",59,8,190,30
78,386,temporibus minus debitis deleniti repellat unde eveniet,Alexandre@derrick.co.uk,"et dicta dolores sit
repudiandae id harum temporibus
voluptas quia blanditiis numquam a enim quae
quisquam assumenda nam doloribus vel temporibus distinctio eveniet dolores",55,7,172,24
78,390,temporibus aut et,Beverly@perry.org,"dolor ratione ab repellendus aut quia reiciendis sed
est alias ex
odio voluptatem velit odit tempora nihil optio aperiam blanditiis
labore porro id velit dolor veritatis",17,3,169,26
79,391,sed ratione nesciunt odit expedita,Corene_Mante@rory.com,"aut repellat tenetur delectus eaque est nihil consequatur quae
deleniti assumenda voluptates sit sit cupiditate maiores
autem suscipit sint tenetur dolor tempore
dolorem dolorum alias adipisci",34,5,192,26
79,392,rerum officiis qui quaerat omnis dolorem iure est repudiandae,Emily_Flatley@ephraim.name,"aut aut ea ut repudiandae ea assumenda laboriosam
sunt qui laboriosam dicta omnis sit corporis
voluptas eos amet quam quisquam officiis facilis laborum
voluptatibus accusantium ab aliquid sed id doloremque",61,9,205,30
79,394,reprehenderit eos voluptatem ut,Kyleigh@ruben.org,"voluptatem quisquam pariatur voluptatum qui quaerat
et minus ea aliquam ullam dolorem consequatur
ratione at ad nemo aperiam excepturi deleniti
qui numquam quis hic nostrum tempora quidem",31,4,187,27
79,395,excepturi esse laborum ut qui culpa,Noemy.Hammes@lisette.net,"esse vel reiciendis nobis inventore vero est
fugit inventore ea quo consequatur aut
autem deserunt ratione et repellendus nihil quam
quidem iure est nihil mollitia",35,6,163,25
80,398,labore consequuntur vel qui,Gennaro@jaunita.co.uk,"libero atque accusamus blanditiis minima eveniet corporis est aliquid
dolores asperiores neque quibusdam quaerat error esse non
qui et adipisci
magni illo hic qui qui dignissimos earum",27,4,184,27
80,399,sunt ut eos,Jaycee@aimee.us,"corrupti ut et eveniet culpa
veritatis eos sequi fugiat commodi consequuntur
ipsa totam voluptatem perferendis ducimus aut exercitationem magni
eos mollitia quia",11,3,161,22
81,401,cum voluptate sint voluptas veritatis,Vella.Mayer@colten.net,"sit delectus recusandae qui
et cupiditate sed ipsum culpa et fugiat ab
illo dignissimos quo est repellat dolorum neque
voluptates sed sapiente ab aut rerum enim sint voluptatum",37,5,176,28
81,402,ut eos mollitia eum eius,Caleb_Dach@kathleen.us,"et nisi fugit totam
maiores voluptatibus quis ipsa sunt debitis assumenda
ullam non quasi numquam ut dolores modi recusandae
ut molestias magni est voluptas quibusdam corporis eius",24,5,180,27
81,404,officia qui ut explicabo eos fugit,Destinee.Simonis@jose.tv,"modi est et eveniet facilis explicabo
voluptatem saepe quo et sint quas quia corporis
pariatur voluptatibus est iste fugiat delectus animi rerum
doloribus est enim",34,6,163,25
81,405,incidunt commodi voluptatem maiores asperiores blanditiis omnis ratione,Keshaun@brown.biz,"aut aut sit cupiditate maxime praesentium occaecati cumque
vero sint sit aliquam porro quo consequuntur ut
numquam qui maxime voluptas est consequatur ullam
tenetur commodi qui consectetur distinctio eligendi atque",71,8,214,30
82,406,sint eaque rerum voluptas fugiat quia qui,Merle.Schultz@marcel.org,"dicta in quam tenetur
sed molestiae a sit est aut quia autem aut
nam voluptatem reiciendis corporis voluptatem
sapiente est id quia explicabo enim tempora asperiores",41,7,165,26
82,407,eius tempora sint reprehenderit,Malvina_Fay@louie.name,"totam ad quia non vero dolor laudantium sed temporibus
quia aperiam corrupti sint accusantium eligendi
aliquam rerum voluptatem delectus numquam nihil
soluta qui sequi nisi voluptatum eaque voluptas animi ipsam",31,4,210,30
82,409,dicta dolor voluptate vel praesentium,Isaac@allene.net,"provident illo quis dolor distinctio laborum eius enim
suscipit quia error enim eos consequuntur
est incidunt adipisci beatae tenetur excepturi in labore commodi
fugiat omnis in et at nam accusamus et",37,5,200,31
82,410,et dolore hic a cupiditate beatae natus iusto soluta,Marianna.Pacocha@george.net,"in consequatur corporis qui a et magni eum illum
corrupti veniam debitis ab iure harum
enim ut assumenda cum adipisci veritatis et veniam
rem eius expedita quos corrupti incidunt",52,9,178,29
83,411,hic rem eligendi tenetur ipsum dolore maxime eum,Sister_Barton@lela.com,"nam voluptatem ex aut voluptatem mollitia sit sapiente
qui hic ut
qui natus in iste et magnam dolores et fugit
ea sint ut minima quas eum nobis at reprehenderit",48,8,160,29
83,413,atque porro quo voluptas,Irma.OKon@arden.me,"consequatur harum est omnis
qui recusandae qui voluptatem et distinctio sint eaque
dolores quo dolorem asperiores
aperiam non quis asperiores aut praesentium",24,4,157,22
83,414,ut qui voluptatem hic maxime,Alaina_Hammes@carter.info,"molestias debitis magni illo sint officiis ut quia
sed tenetur dolorem soluta
voluptatem fugiat voluptas molestiae magnam fuga
similique enim illum voluptas aspernatur officia",28,5,175,24
83,415,rerum consequatur ut et voluptate harum amet accusantium est,Alia@addison.org,"iure vitae accusamus tenetur autem ipsa deleniti
sunt laudantium ut beatae repellendus non eos
ut consequuntur repudiandae ducimus enim
reiciendis rem explicabo magni dolore",60,9,173,24
84,416,neque nemo consequatur ea fugit aut esse suscipit dolore,Aurelie_McKenzie@providenci.biz,"enim velit consequatur excepturi corporis voluptatem nostrum
nesciunt alias perspiciatis corporis
neque at eius porro sapiente ratione maiores natus
facere molestiae vel explicabo voluptas unde",56,9,193,25
84,418,nesciunt voluptates amet sint et delectus et dolore culpa,Tessie@emilie.co.uk,"animi est eveniet officiis qui
aperiam dolore occaecati enim aut reiciendis
animi ad sint labore blanditiis adipisci voluptatibus eius error
omnis rerum facere architecto occaecati rerum",57,9,186,26
84,419,omnis voluptate dolorem similique totam,Priscilla@colten.org,"cum neque recusandae occaecati aliquam reprehenderit ullam saepe veniam
quasi ea provident tenetur architecto ad
cupiditate molestiae mollitia molestias debitis eveniet doloremque voluptatem aut
dolore consequatur nihil facere et",39,5,229,29
84,420,aut recusandae a sit voluptas explicabo nam et,Aylin@abigale.me,"voluptas cum eum minima rem
dolorem et nemo repellendus voluptatem sit
repudiandae nulla qui recusandae nobis
blanditiis perspiciatis dolor ipsam reprehenderit odio",46,8,164,22
85,421,non eligendi ipsam provident,Holden@kenny.io,"voluptate libero corrupti facere totam eaque consequatur nemo
enim aliquid exercitationem nulla dignissimos illo
est amet non iure
amet sed dolore non ipsam magni",28,4,162,24
85,422,sit molestiae corporis,Guillermo_Dare@dorothea.tv,"ducimus ut ut fugiat nesciunt labore
deleniti non et aut voluptatum quidem consectetur
incidunt voluptas accusantium
quo fuga eaque quisquam et et sapiente aut",22,3,159,24
85,423,assumenda iure a,Oscar@pearline.com,"rerum laborum voluptas ipsa enim praesentium
quisquam aliquid perspiciatis eveniet id est est facilis
atque aut facere
provident reiciendis libero atque est",16,3,156,22
85,425,cumque expedita consequatur qui,Micah_Wolf@lennie.co.uk,"labore necessitatibus et eum quas id ut
doloribus aspernatur nostrum sapiente quo aut quia
eos rerum voluptatem
numquam minima soluta velit recusandae ut",31,4,153,23
86,426,deleniti tempora non quia et aut,Shany@daisha.biz,"reiciendis consequatur sunt atque quisquam ut sed iure
consequatur laboriosam dicta odio
quas cumque iure blanditiis ad sed ullam dignissimos
sunt et exercitationem saepe",32,6,170,24
86,427,delectus illum minus odit,Drew_Lemke@alexis.net,"in laborum et distinctio nobis maxime
maxime id commodi eaque enim amet qui autem
debitis et porro eum dicta sapiente iusto nulla sunt
voluptate excepturi sint dolorem voluptatem quae explicabo id",25,4,196,31
86,428,voluptas dolores dolor nisi voluptatem ratione rerum,Karina.Donnelly@liam.com,"excepturi quos omnis aliquam voluptatem iste
sit unde ab quam ipsa delectus culpa rerum
cum delectus impedit ut qui modi
asperiores qui sapiente quia facilis in iure",52,7,165,27
86,430,sint ullam alias et at et,Marilou_Halvorson@kane.io,"debitis ut maiores ut harum sed voluptas
quae amet eligendi quo quidem odit atque quisquam animi
ut autem est corporis et
sed tempora facere corrupti magnam",25,6,156,26
87,431,velit incidunt ut accusantium odit maiores quaerat,Bernie.Schoen@seamus.co.uk,"voluptas minus fugiat vel
est quos soluta et veniam quia incidunt unde ut
laborum odio in eligendi distinctio odit repellat
nesciunt consequatur blanditiis cupiditate consequatur at et",50,7,184,27
87,432,quod quia nihil nisi perferendis laborum blanditiis tempora eos,Joesph@darryl.net,"quam et et harum
placeat minus neque quae magni inventore saepe deleniti quisquam
suscipit dolorum error aliquid dolores
dignissimos dolorem autem natus iste molestiae est id impedit",63,9,182,27
87,434,doloremque eligendi quas voluptatem non quos ex,Julien_OHara@vance.io,"ex eum at culpa quam aliquam
cupiditate et id dolorem sint quasi et quos et
omnis et qui minus est quisquam non qui rerum
quas molestiae tempore veniam",47,7,151,28
87,435,id voluptatum nulla maiores ipsa eos,Susan.Bartell@euna.org,"reprehenderit molestias sit nemo quas culpa dolorem exercitationem
eos est voluptatem dolores est fugiat dolorem
eos aut quia et amet et beatae harum vitae
officia quia animi dicta magnam accusantium",36,6,199,30
88,436,ea illo ab et maiores eaque non nobis,Selena.Quigley@johan.co.uk,"sit non facilis commodi sapiente officiis aut facere libero
sed voluptatum eligendi veniam velit explicabo
sint laborum sunt reprehenderit dolore id nobis accusamus
fugit voluptatem magni dolor qui dolores ipsa",37,8,210,30
88,437,magni asperiores in cupiditate,Clifton_Boehm@jacynthe.io,"suscipit ab qui eos et commodi
quas ad maiores repellat laboriosam voluptatem exercitationem
quibusdam ullam ratione nulla
quia iste error dolorem consequatur beatae temporibus fugit",30,4,182,25
88,438,ullam autem aliquam,Lizzie_Bartell@diamond.net,"voluptas aspernatur eveniet
quod id numquam dolores quia perspiciatis eum
et delectus quia occaecati adipisci nihil velit accusamus esse
minus aspernatur repudiandae",19,3,165,22
88,439,voluptates quasi minus dolorem itaque nemo,Yasmeen@golda.ca,"cupiditate laborum sit reprehenderit ratione est ad
corporis rem pariatur enim et omnis dicta
nobis molestias quo corporis et nihil
sed et impedit aut quisquam natus expedita voluptate at",42,6,187,29
88,440,adipisci sapiente libero beatae quas eveniet,Adolf.Russel@clark.ca,"ut nam ut asperiores quis
exercitationem aspernatur eligendi autem repellendus
est repudiandae quisquam rerum ad explicabo suscipit deserunt eius
alias aliquid eos pariatur rerum magnam provident iusto",44,6,201,27
89,443,illum pariatur aliquam esse nisi voluptas quisquam ea,Orlando_Dickinson@vern.org,"reiciendis et distinctio qui totam non aperiam voluptas
veniam in dolorem pariatur itaque
voluptas adipisci velit
qui voluptates voluptas ut ullam veritatis repudiandae",53,8,168,23
89,444,incidunt aut qui quis est sit corporis pariatur qui,Elda@orval.name,"eligendi labore aut non modi vel facere qui
accusamus qui maxime aperiam
totam et non ut repudiandae eum corrupti pariatur quia
necessitatibus et adipisci ipsa consequuntur enim et nihil vero",51,9,191,30
90,450,dolorem corporis facilis et,Adolph.Hayes@isobel.biz,"et provident quo necessitatibus harum excepturi
sed est ut sed est doloremque labore quod
quia optio explicabo adipisci magnam doloribus
veritatis illo aut est inventore",27,4,169,25
91,451,maiores ut dolores quo sapiente nisi,Duane_Dach@demario.us,"dolor veritatis ipsum accusamus quae voluptates sint voluptatum et
harum saepe dolorem enim
expedita placeat qui quidem aut et et est
minus odit qui possimus qui saepe",36,6,167,27
91,453,doloremque ut est eaque,Stephania_Stanton@demond.biz,"quidem nisi reprehenderit eligendi fugiat et et
sapiente adipisci natus nulla similique et est
esse ea accusantium sunt
deleniti molestiae perferendis quam animi similique ut",23,4,174,25
91,454,magni quos voluptatibus earum et inventore suscipit,Reinhold.Schiller@kelly.info,"consequatur accusamus maiores dolorem impedit repellendus voluptas rerum eum
quam quia error voluptatem et
dignissimos fugit qui
et facilis necessitatibus dignissimos consequatur iusto nihil possimus",51,7,199,25
91,455,assumenda qui et aspernatur,Royce@jaiden.co.uk,"animi qui nostrum rerum velit
voluptates sit in laborum dolorum omnis ut omnis
ea optio quia necessitatibus delectus molestias sapiente perferendis
dolores vel excepturi expedita",27,4,178,25
92,457,ipsa animi saepe veritatis voluptatibus ad amet id aut,Jena.OKeefe@adonis.net,"incidunt itaque enim pariatur quibusdam voluptatibus blanditiis sint
error laborum voluptas sed officiis molestiae nostrum
temporibus culpa aliquam sit
consectetur dolores tempore id accusantium dignissimos vel",54,9,210,26
92,458,fugiat consectetur saepe dicta,Magdalen@holly.io,"eos hic deserunt necessitatibus sed id ut esse nam
hic eveniet vitae corrupti mollitia doloremque sit ratione
deleniti perspiciatis numquam est sapiente quaerat
est est sit",30,4,172,26
92,459,nesciunt numquam alias doloremque minus ipsam optio,Nyah@otho.com,"veniam natus aut vero et aliquam doloremque
alias cupiditate non est
tempore et non vel error placeat est quisquam ea
non dolore aliquid non fuga expedita dicta ut quos",51,7,168,29
92,460,eum fugit omnis optio,Kara_Stokes@connie.co.uk,"qui qui deserunt expedita at
provident sequi veritatis sit qui nam tempora mollitia ratione
corporis vitae rerum pariatur unde deleniti ut eos ad
aut non quae nisi saepe",21,4,169,28
93,462,assumenda quia sint,Nathanael@jada.org,"adipisci et accusantium hic deserunt voluptates consequatur omnis
quod dolorem voluptatibus quis velit laboriosam mollitia illo et
iure aliquam dolorem nesciunt laborum
aperiam labore repellat et maxime itaque",19,3,209,28
93,463,cupiditate quidem corporis totam tenetur rem nesciunt et,Nicklaus@talon.io,"voluptate officiis nihil laudantium sint autem adipisci
aspernatur voluptas debitis nam omnis ut non eligendi
aliquam vel commodi velit officiis laboriosam corporis
quas aliquid aperiam autem",56,8,191,26
93,465,est sunt est nesciunt distinctio quaerat reprehenderit in vero,Jamey_Dare@johnny.org,"ex corrupti ut pariatur voluptas illo labore non voluptates
voluptas sint et est impedit cum
in fugiat cumque eum id rerum error
ut rerum voluptates facilis molestiae et labore voluptatem corrupti",62,9,196,31
94,466,impedit autem distinctio omnis ipsam voluptas eaque,Brant@yasmin.co.uk,"aut dignissimos eos facere velit totam
eaque aut voluptas ex similique ut ipsa est
voluptates ut tempora
quis commodi officia et consequatur cumque delectus",51,7,156,24
94,467,voluptas unde perferendis ut eaque dicta,Adrianna_Howell@molly.io,"deleniti fuga hic autem
sed rerum non voluptate sit totam consequuntur illo
quasi quod aut ducimus dolore distinctio molestias
non velit quis debitis cumque voluptas",40,6,165,25
94,468,nam praesentium est ipsa libero aut,Amiya.Morar@emma.tv,"facilis repellendus inventore aperiam corrupti saepe culpa velit
dolores sint ut
aut quis voluptates iure et a
neque harum quia similique sunt eum voluptatem a",35,6,159,25
94,470,deleniti vitae alias distinctio dignissimos ab accusantium pariatur dicta,Katarina.Wolff@joel.io,"molestias incidunt eaque
numquam reprehenderit rerum ut ex ad
omnis porro maiores quaerat harum nihil non quasi ea
asperiores quisquam sunt fugiat eos natus iure adipisci",73,9,170,26
95,471,nihil ad debitis rerum optio est cumque sed voluptates,Pearline@veda.ca,"quia non dolor
corporis consectetur velit eos quis
incidunt ut eos nesciunt repellendus voluptas voluptate sint neque
doloribus est minima autem quis velit illo ea neque",54,9,169,26
95,472,aspernatur ex dolor optio,Belle.Braun@otis.name,"et necessitatibus earum qui velit id explicabo harum optio
dolor dolores reprehenderit in
a itaque odit esse et et id
possimus est ut consequuntur velit autem iure ut",25,4,166,28
95,473,quaerat et excepturi autem animi fuga,Eliane@libby.net,"quod corrupti eum quisquam rerum accusantium tempora
reprehenderit qui voluptate et sunt optio et
iusto nihil amet omnis labore cumque quo
saepe omnis aut quia consectetur",37,6,171,26
95,474,natus consequatur deleniti ipsum delectus,Trey.Harber@christop.biz,"tempora sint qui iste itaque non neque qui suscipit
enim quas rerum totam impedit
esse nulla praesentium natus explicabo doloremque atque maxime
mollitia impedit dolorem occaecati officia in provident eos",41,5,204,30
96,476,quia hic adipisci modi fuga aperiam,Amely.Kunde@rodrigo.co.uk,"officia quas aut culpa eum
eaque quia rem unde ea quae reiciendis omnis
excepturi nemo est vel sequi accusantium tenetur at earum
et rerum quisquam temporibus cupiditate",35,6,169,27
96,477,ut occaecati non,Thaddeus.Halvorson@ruthe.ca,"nulla veniam quo consequuntur ullam
autem nisi error aut facere distinctio rerum quia tempore
velit distinctio occaecati ducimus
ratione similique doloribus",16,3,156,21
96,479,distinctio minima error aspernatur reiciendis inventore quo,Maryam.Mann@thelma.info,"totam explicabo harum quam impedit sunt
doloremque consectetur id et minima eos incidunt quibusdam omnis
saepe maiores officiis eligendi alias sint est aut cumque
debitis cumque hic aut ut dolorum",59,7,196,30
97,481,recusandae dolor similique autem saepe voluptate aut vel sit,Domenick@russell.ca,"dignissimos nobis vitae corporis delectus eligendi et ut ut
amet laudantium neque
et quia cupiditate debitis aliquid
dolorem aspernatur libero aut autem quo et",60,9,159,24
97,482,placeat eveniet sunt ut quis,Chanelle@samson.me,"aliquid natus voluptas doloremque fugiat ratione adipisci
unde eum facilis enim omnis ipsum nobis nihil praesentium
ut blanditiis voluptatem veniam
tenetur fugit et distinctio aspernatur",28,5,186,25
97,485,enim asperiores illum,Lorenza.Carter@consuelo.ca,"soluta quia porro mollitia eos accusamus
voluptatem illo perferendis earum quia
quo sed ipsam in omnis cum earum tempore eos
voluptatem illum doloremque corporis ipsam facere",21,3,174,26
98,487,sunt omnis aliquam labore eveniet,Colin_Gutkowski@muriel.net,"sint delectus nesciunt ipsum et aliquid et libero
aut suscipit et molestiae nemo pariatur sequi
repudiandae ea placeat neque quas eveniet
mollitia quae laboriosam",33,5,162,24
98,488,quo neque dolorem dolorum non incidunt,Albert@johnny.biz,"aut sunt recusandae laboriosam omnis asperiores et
nulla ipsum rerum quis doloremque rerum optio mollitia provident
sed iste aut id
numquam repudiandae veritatis",38,6,161,23
98,489,aut quia et corporis voluptas quisquam voluptatem,Hilma.Kutch@ottilie.info,"et dolorem sit
reprehenderit sapiente occaecati iusto sit impedit nobis ut quia
maiores debitis pariatur nostrum et aut
assumenda error qui deserunt laborum quaerat et",49,7,167,25
99,491,eos enim odio,Maxwell@adeline.me,"natus commodi debitis cum ex rerum alias quis
maxime fugiat fugit sapiente distinctio nostrum tempora
possimus quod vero itaque enim accusantium perferendis
fugit ut eum labore accusantium voluptas",13,3,197,28
99,492,consequatur alias ab fuga tenetur maiores modi,Amina@emmet.org,"iure deleniti aut consequatur necessitatibus
id atque voluptas mollitia
voluptates doloremque dolorem
repudiandae hic enim laboriosam consequatur velit minus",46,7,157,19
99,493,ut praesentium sit eos rerum tempora,Gilda@jacques.org,"est eos doloremque autem
similique sint fuga atque voluptate est
minus tempore quia asperiores aliquam et corporis voluptatem
consequatur et eum illo aut qui molestiae et amet",36,6,175,27
99,495,dolor ut ut aut molestiae esse et tempora numquam,Alice_Considine@daren.com,"pariatur occaecati ea autem at quis et dolorem similique
pariatur ipsa hic et saepe itaque cumque repellendus vel
et quibusdam qui aut nemo et illo
qui non quod officiis aspernatur qui optio",49,9,190,32
100,496,et occaecati asperiores quas voluptas ipsam nostrum,Zola@lizzie.com,"neque unde voluptatem iure
odio excepturi ipsam ad id
ipsa sed expedita error quam
voluptatem tempora necessitatibus suscipit culpa veniam porro iste vel",51,7,153,23
100,498,dolores minus aut libero,Davion@eldora.net,"aliquam pariatur suscipit fugiat eos sunt
optio voluptatem eveniet rerum dignissimos
quia aut beatae
modi consequatur qui rerum sint veritatis deserunt est",24,4,155,22
100,499,excepturi sunt cum a et rerum quo voluptatibus quia,Wilburn_Labadie@araceli.name,"et necessitatibus tempora ipsum quaerat inventore est quasi quidem
ea repudiandae laborum omnis ab reprehenderit ut
ratione sit numquam culpa a rem
atque aut et",51,9,160,25
